name,team,age,position,height,weight,last_attended,country,experience,ppg,rpg,apg,pie,birth_year,draft_year,draft_pick,age_drafted,bmi
"Precious Achiuwa","Miami Heat",21,Forward,2.03,102,Memphis,Nigeria,0,5,3.6,0.5,8.5,1999,2020,20,21,24.75187459050208
"Jaylen Adams",N/A,24,Guard,1.83,102,"St. Bonaventure",USA,2,0.3,0.4,0.3,-1.7,1996,Undrafted,Undrafted,22,30.457762250291136
"Steven Adams","New Orleans Pelicans",27,Center,2.11,120,Pittsburgh,"New Zealand",7,7.8,9,1.9,9.1,1993,2013,12,20,26.953572471417985
"Bam Adebayo","Miami Heat",23,Center-Forward,2.06,116,Kentucky,USA,3,19.1,9.3,5.2,16.8,1997,2017,14,20,27.335281364878877
"LaMarcus Aldridge","Brooklyn Nets",35,Center-Forward,2.11,113,Texas-Austin,USA,14,13.5,4.5,1.9,9.9,1985,2006,2,21,25.3812807439186
"Ty-Shon Alexander","Phoenix Suns",22,Guard,1.91,88,Creighton,USA,0,0.7,0.6,0.1,1.1,1998,Undrafted,Undrafted,22,24.12214577451276
"Nickeil Alexander-Walker","New Orleans Pelicans",22,Guard,1.98,93,"Virginia Tech",Canada,1,10.2,3.1,2,8.7,1998,2019,17,21,23.72206917661463
"Grayson Allen","Memphis Grizzlies",25,Guard,1.93,90,Duke,USA,2,11.4,3.2,2.2,8.9,1995,2018,21,23,24.161722462347985
"Jarrett Allen","Cleveland Cavaliers",23,Center,2.11,110,Texas-Austin,USA,3,12.9,9.9,1.6,14.4,1998,2017,22,20,24.70744143213315
"Al-Farouq Aminu","Chicago Bulls",30,Forward,2.03,100,"Wake Forest",USA,10,4.8,5,1.5,7.6,1990,2010,8,20,24.26654371617851
"Kyle Anderson","Memphis Grizzlies",27,Forward-Guard,2.06,104,UCLA,USA,6,12.2,5.9,3.7,12,1993,2014,30,21,24.507493637477616
"Giannis Antetokounmpo","Milwaukee Bucks",26,Forward,2.11,110,Filathlitikos,Greece,7,28.5,11.3,6,19.3,1994,2013,15,19,24.70744143213315
"Kostas Antetokounmpo","Los Angeles Lakers",23,Forward,2.08,91,Dayton,Greece,2,0.9,1.4,0.1,1.7,1997,2018,60,21,21.033653846153843
"Thanasis Antetokounmpo","Milwaukee Bucks",28,Forward,1.98,99,Panathinaikos,Greece,2,3.3,2.4,0.8,6.1,1992,2014,51,26,25.252525252525253
"Carmelo Anthony","Portland Trail Blazers",36,Forward,2.01,108,Syracuse,USA,17,13.6,3.2,1.6,8.6,1984,2003,3,19,26.732011583871692
"Cole Anthony","Orlando Magic",20,Guard,1.88,84,"North Carolina",USA,0,11.6,4.5,4.2,8.8,2000,2020,15,20,23.766410140334994
"OG Anunoby","Toronto Raptors",23,Forward,2.01,105,Indiana,"United Kingdom",3,15.1,5.6,2,9.5,1997,2017,23,20,25.989455706541925
"Ryan Arcidiacono","Chicago Bulls",27,Guard,1.91,88,Villanova,USA,3,3.1,1.6,1.4,7.2,1994,Undrafted,Undrafted,24,24.12214577451276
"Trevor Ariza","Miami Heat",35,Forward,2.03,98,UCLA,USA,16,8.2,4.2,1.7,6.8,1985,2004,43,19,23.78121284185494
"D.J. Augustin","Houston Rockets",33,Guard,1.8,83,Texas-Austin,USA,12,7,1.6,3.3,7.8,1987,2008,9,21,25.61728395061728
"Deni Avdija","Washington Wizards",20,Forward,2.06,95,"Maccabi Tel Aviv",Israel,0,6.3,4.9,1.2,6,2001,2020,9,20,22.38665284192667
"Deandre Ayton","Phoenix Suns",22,Center,2.11,113,Arizona,Bahamas,2,15,10.7,1.4,13.3,1998,2018,1,20,25.3812807439186
"Udoka Azubuike","Utah Jazz",21,Center-Forward,2.08,127,Kansas,Nigeria,0,1,1.1,0,6.1,1999,2020,27,21,29.354659763313606
"Dwayne Bacon","Orlando Magic",25,Guard-Forward,1.98,100,"Florida State",USA,3,10.4,3,1.2,6.6,1995,2017,40,22,25.507601265177023
"Marvin Bagley III","Sacramento Kings",22,Forward,2.11,107,Duke,USA,2,13.9,7.4,0.9,9.5,1999,2018,2,20,24.0336021203477
"LaMelo Ball","Charlotte Hornets",19,Guard,1.98,82,Illawarra,USA,0,15.9,5.9,6.1,12.3,2001,2020,3,19,20.91623303744516
"Lonzo Ball","New Orleans Pelicans",23,Guard,1.98,86,UCLA,USA,3,13.8,4.2,5.7,10,1997,2017,2,20,21.93653708805224
"Mo Bamba","Orlando Magic",22,Center,2.13,105,Texas-Austin,USA,2,6.9,4.7,0.5,12.2,1998,2018,6,20,23.14355617271706
"Desmond Bane","Memphis Grizzlies",22,Guard,1.96,98,TCU,USA,0,9.5,3.1,1.7,8.3,1998,2020,30,22,25.510204081632654
"Harrison Barnes","Sacramento Kings",28,Forward,2.03,102,"North Carolina",USA,8,15.9,6.6,3.5,10.6,1992,2012,7,20,24.75187459050208
"RJ Barrett","New York Knicks",20,Forward-Guard,1.98,97,Duke,Canada,1,17.4,5.6,2.9,9.5,2000,2019,3,19,24.742373227221712
"Will Barton","Denver Nuggets",30,Guard,1.98,82,Memphis,USA,8,12.9,4.1,3.3,7.6,1991,2012,40,22,20.91623303744516
"Keita Bates-Diop","San Antonio Spurs",25,Forward,2.03,104,"Ohio State",USA,2,2.3,1.2,0.4,9.3,1996,2018,48,23,25.237205464825653
"Nicolas Batum","LA Clippers",32,Guard-Forward,2.03,104,"Le Mans",France,12,8.4,4.9,2.3,8.8,1988,2008,25,20,25.237205464825653
"Aron Baynes","Toronto Raptors",34,Center-Forward,2.08,118,"Washington State",Australia,8,5.8,5.1,0.9,6.5,1986,Undrafted,Undrafted,26,27.274408284023664
"Kent Bazemore","Golden State Warriors",31,Guard-Forward,1.93,88,"Old Dominion",USA,8,6.7,3.1,1.6,7.7,1989,Undrafted,Undrafted,23,23.624795296518027
"Darius Bazley","Oklahoma City Thunder",20,Forward-Guard,2.03,94,"Princeton HS (OH)",USA,1,13,7.4,1.6,8.8,2000,2019,23,19,22.8105510932078
"Bradley Beal","Washington Wizards",27,Guard,1.91,94,Florida,USA,8,31,4.8,4.7,15,1993,2012,3,19,25.766837531865903
"Malik Beasley","Minnesota Timberwolves",24,Guard,1.93,85,"Florida State",USA,4,19.6,4.4,2.4,10.1,1996,2016,19,20,22.819404547773097
"Jordan Bell","Washington Wizards",26,Forward,2.03,98,Oregon,USA,3,3.5,4.8,1.3,8,1995,2017,38,23,23.78121284185494
"DeAndre' Bembry","Toronto Raptors",26,Guard-Forward,1.96,95,"St. Joseph's (PA)",USA,4,5.2,2.7,2,7.7,1994,2016,21,22,24.729279466888798
"Davis Bertans","Washington Wizards",28,Forward,2.08,102,Baskonia,Latvia,4,11.7,3,0.9,7.6,1992,2011,42,24,23.57618343195266
"Patrick Beverley","LA Clippers",32,Guard,1.85,82,Arkansas,USA,8,8,3.6,2.1,7,1988,2009,42,24,23.959094229364496
"Saddiq Bey","Detroit Pistons",22,Forward,2.01,98,Villanova,USA,0,11.4,4.1,1.2,8.8,1999,2020,19,22,24.256825326105798
"Tyler Bey","Dallas Mavericks",23,Forward,2.01,98,Colorado,USA,0,0.9,1.2,0.1,7.3,1998,2020,36,23,24.256825326105798
"Khem Birch","Toronto Raptors",28,Center,2.06,106,UNLV,Canada,3,5.7,5.2,1.1,8.4,1992,Undrafted,Undrafted,25,24.97879159204449
"Goga Bitadze","Indiana Pacers",21,Center-Forward,2.11,113,"Mega Basket",Georgia,1,5.1,3.2,0.7,9,1999,2019,18,20,25.3812807439186
"Bismack Biyombo","Charlotte Hornets",28,Center,2.03,116,"Baloncesto Fuenlabrada",DRC,9,5.3,5.2,1.3,6.8,1992,2011,7,19,28.149190710767073
"Nemanja Bjelica","Miami Heat",32,Forward,2.08,106,Fenerbahce,Serbia,5,6.1,3.4,1.7,8,1988,2010,35,27,24.500739644970412
"Eric Bledsoe","New Orleans Pelicans",31,Guard,1.85,97,Kentucky,USA,10,11.9,3.4,3.7,7.3,1989,2010,18,21,28.341855368882392
"Keljin Blevins","Portland Trail Blazers",25,Guard,1.93,91,"Montana State",USA,0,0.4,0.2,0.4,-3.8,1995,2019,,25,24.43018604526296
"Bogdan Bogdanovic","Atlanta Hawks",28,Guard,1.98,100,Fenerbahce,Serbia,3,14.5,3.7,3,10.2,1992,2014,27,25,25.507601265177023
"Bojan Bogdanovic","Utah Jazz",32,Forward,2.01,103,Fenerbahce,Croatia,6,15.5,3.9,1.9,8.6,1989,2011,31,26,25.494418454988743
"Bol Bol","Denver Nuggets",21,Center-Forward,2.18,100,Oregon,Sudan,1,2.5,0.8,0.3,7.5,1999,2019,44,20,21.041999831663997
"Marques Bolden",N/A,23,Center,2.08,113,Duke,USA,1,1.2,1,0,11.5,1998,2019,,22,26.118713017751478
"Jordan Bone",N/A,23,Guard,1.88,82,Tennessee,USA,1,4,1.7,1.3,6.7,1997,2019,57,22,23.20054323223178
"Isaac Bonga","Washington Wizards",21,Guard,2.03,82,"Skyliners Frankfurt",Germany,2,2.1,1.8,0.6,2.8,1999,2018,39,19,19.89856584726638
"Devin Booker","Phoenix Suns",24,Guard,1.96,93,Kentucky,USA,5,25.1,4.2,4.5,12.6,1996,2015,13,19,24.20866305705956
"Chris Boucher","Toronto Raptors",28,Forward-Center,2.06,91,Oregon,"Saint Lucia",3,13.6,6.7,1.1,13.4,1993,Undrafted,Undrafted,25,21.44405693279291
"Brian Bowen II","Indiana Pacers",22,Forward-Guard,1.98,86,"Sydney Kings",USA,1,0.5,0.5,0,4.5,1998,Undrafted,Undrafted,21,21.93653708805224
"Avery Bradley","Houston Rockets",30,Guard,1.91,82,Texas-Austin,USA,10,6.7,2.2,1.8,4.5,1990,2010,19,20,22.47745401715962
"Tony Bradley","Oklahoma City Thunder",23,Center-Forward,2.08,112,"North Carolina",USA,3,7.1,5.8,0.9,13.2,1998,2017,28,20,25.88757396449704
"Jarrell Brantley","Utah Jazz",24,Forward,1.96,113,"College of Charleston",USA,1,1.9,1,0.3,8.6,1996,2019,50,23,29.41482715535194
"Ignas Brazdeikis",N/A,22,Foward,1.98,100,Michigan,Canada,1,0.4,0.8,0.2,2.8,1999,2019,47,21,25.507601265177023
"Mikal Bridges","Phoenix Suns",24,Forward,1.98,95,Villanova,USA,2,13.1,4.4,2.2,9.6,1996,2018,10,22,24.232221201918172
"Miles Bridges","Charlotte Hornets",23,Forward,1.98,102,"Michigan State",USA,2,11.5,6,2.1,9.8,1998,2018,12,21,26.017753290480563
"Amida Brimah","Indiana Pacers",27,Center,2.08,104,Connecticut,USA,0,0,0,0,0,1994,Undrafted,Undrafted,27,24.038461538461537
"Oshae Brissett","Indiana Pacers",22,Forward-Guard,2.01,95,Syracuse,Canada,1,7.4,2.9,0.3,11.9,1998,Undrafted,Undrafted,21,23.514269448776027
"Malcolm Brogdon","Indiana Pacers",28,Guard,1.96,104,Virginia,USA,4,21.5,5.2,6,12.7,1992,2016,36,24,27.072053311120367
"Armoni Brooks","Houston Rockets",22,Guard,1.91,88,Houston,USA,0,7.7,3.6,1.1,8,1998,2019,,22,24.12214577451276
"Dillon Brooks","Memphis Grizzlies",25,Guard-Forward,2.01,102,Oregon,Canada,3,16.6,2.9,2.4,6.3,1996,2017,45,22,25.246899829212154
"Bruce Brown","Brooklyn Nets",24,Guard-Forward,1.93,92,Miami,USA,2,8.7,5.2,1.6,9.4,1996,2018,42,22,24.69864962817794
"Jaylen Brown","Boston Celtics",24,Guard-Forward,1.98,101,California,USA,4,24.5,5.8,3.4,13.2,1996,2016,3,20,25.762677277828793
"Moses Brown","Oklahoma City Thunder",21,Center,2.18,111,UCLA,USA,1,8.6,8.5,0.2,11.4,1999,Undrafted,Undrafted,20,23.356619813147038
"Sterling Brown","Houston Rockets",26,Guard-Forward,1.96,99,"Southern Methodist",USA,3,8.2,4.4,1.4,8.2,1995,2017,46,23,25.770512286547273
"Troy Brown Jr.","Chicago Bulls",21,Guard-Forward,1.98,98,Oregon,USA,2,4.7,3.1,0.9,6.7,1999,2018,15,19,24.997449239873482
"Jalen Brunson","Dallas Mavericks",24,Guard,1.85,86,Villanova,USA,2,12.8,3.6,3.5,12.3,1996,2018,33,22,25.127830533235937
"Thomas Bryant","Washington Wizards",23,Center-Forward,2.08,112,Indiana,USA,3,14.3,6.1,1.5,11.1,1997,2017,42,20,25.88757396449704
"Reggie Bullock","New York Knicks",30,Guard-Forward,1.98,93,"North Carolina",USA,7,10.2,3.4,1.5,7.2,1991,2013,25,23,23.72206917661463
"Trey Burke","Dallas Mavericks",28,Guard,1.83,84,Michigan,USA,7,6.5,0.9,1.3,8.1,1992,2013,9,21,25.082863029651524
"Alec Burks","New York Knicks",29,Guard,1.98,97,Colorado,USA,9,12.6,4.5,2.2,11.1,1991,2011,12,20,24.742373227221712
"Jimmy Butler","Miami Heat",31,Forward,2.01,104,Marquette,USA,9,21.4,7.2,7.3,18.7,1989,2011,30,22,25.741937080765336
"Bruno Caboclo",N/A,25,Foward,2.06,99,Pinheiros,Brazil,6,2.8,2.3,0.2,11.3,1995,2014,20,19,23.329248751060423
"Devontae Cacok","Los Angeles Lakers",24,Forward,2.01,109,"North Carolina-Wilmington",USA,1,2.2,1.8,0.1,13.2,1996,Undrafted,Undrafted,23,26.979530209648285
"Kentavious Caldwell-Pope","Los Angeles Lakers",28,Guard,1.96,93,Georgia,USA,7,9.7,2.7,1.6,6.7,1993,2013,8,21,24.20866305705956
"Facundo Campazzo","Denver Nuggets",30,Guard,1.78,88,Murcia,Argentina,0,5.2,1.7,2.8,6.5,1991,Undrafted,Undrafted,30,27.77427092538821
"Vlatko Cancar","Denver Nuggets",24,Forward,2.03,107,"San Pablo Burgos",Slovenia,1,1.5,1.1,0.3,6.3,1997,2017,49,23,25.965201776311005
"Devin Cannady","Orlando Magic",24,,1.88,83,Princeton,USA,0,4.9,0.7,0.1,6.6,1996,2019,,24,23.48347668628339
"Clint Capela","Atlanta Hawks",26,Center,2.08,109,"Elan Chalon",Switzerland,6,15.7,14.7,0.8,16.4,1994,2014,25,20,25.194156804733726
"Vernon Carey Jr.","Charlotte Hornets",20,Forward-Center,2.06,122,Duke,USA,0,2.6,1.5,0.1,7.6,2001,2020,32,20,28.74917522857951
"Jevon Carter","Phoenix Suns",25,Guard,1.85,91,"West Virginia",USA,2,3.8,1.5,1.1,7.6,1995,2018,32,23,26.588750913075234
"Wendell Carter Jr.","Orlando Magic",22,Center-Forward,2.08,122,Duke,USA,2,11.9,8.1,2,12,1999,2018,7,20,28.198964497041416
"Michael Carter-Williams","Orlando Magic",29,Guard,1.96,86,Syracuse,USA,7,8.8,4.5,4.2,6.4,1991,2013,11,22,22.38650562265723
"Alex Caruso","Los Angeles Lakers",27,Guard,1.93,84,"Texas A&M",USA,3,5.8,2.9,2.5,8.3,1994,Undrafted,Undrafted,24,22.550940964858118
"Willie Cauley-Stein","Dallas Mavericks",27,Center,2.13,109,Kentucky,USA,5,5.5,4.3,0.7,8.7,1993,2015,6,22,24.02521545548723
"Chris Chiozza","Brooklyn Nets",25,Guard,1.8,79,Florida,USA,2,4,1.1,3,9.3,1995,Undrafted,Undrafted,23,24.382716049382715
"Marquese Chriss",N/A,23,Foward,2.06,109,Washington,USA,4,6.5,6.5,1,11,1997,2016,8,19,25.68573852389481
"Gary Clark",N/A,26,Foward,1.98,102,Cincinnati,USA,2,3.2,3.1,0.8,4.4,1994,Undrafted,Undrafted,24,26.017753290480563
"Brandon Clarke","Memphis Grizzlies",24,Forward,2.03,98,Gonzaga,Canada,1,11,5.5,1.7,10.8,1996,2019,21,23,23.78121284185494
"Jordan Clarkson","Utah Jazz",28,Guard,1.93,88,Missouri,USA,6,17.5,4,2.1,11.3,1992,2014,46,22,23.624795296518027
"Nicolas Claxton","Brooklyn Nets",22,Forward-Center,2.11,98,Georgia,USA,1,6.6,5,1.1,10.5,1999,2019,31,21,22.012084184991355
"Amir Coffey","LA Clippers",23,Guard-Forward,2.01,95,Minnesota,USA,1,2.9,0.9,0.5,7.1,1997,Undrafted,Undrafted,22,23.514269448776027
"John Collins","Atlanta Hawks",23,Forward-Center,2.06,107,"Wake Forest",USA,3,17.8,7.7,1.4,12.6,1997,2017,19,20,25.21444056932793
"Zach Collins","Portland Trail Blazers",23,Forward-Center,2.11,113,Gonzaga,USA,3,7,6.3,1.5,5.4,1997,2017,10,20,25.3812807439186
"Mike Conley","Utah Jazz",33,Guard,1.85,79,"Ohio State",USA,13,16.2,3.4,5.9,12.8,1987,2007,4,20,23.08254200146092
"Pat Connaughton","Milwaukee Bucks",28,Guard,1.96,95,"Notre Dame",USA,5,7.1,4.9,1.2,8.2,1993,2015,41,23,24.729279466888798
"Quinn Cook",N/A,28,Guard,1.85,82,Duke,USA,4,3.3,0.7,0.8,9.8,1993,Undrafted,Undrafted,24,23.959094229364496
"Tyler Cook","Detroit Pistons",23,Forward,2.03,116,Iowa,USA,1,3.6,2.6,0.5,7.1,1997,Undrafted,Undrafted,22,28.149190710767073
"DeMarcus Cousins","LA Clippers",30,Center,2.08,122,Kentucky,USA,9,8.8,6.8,2.1,12.1,1990,2010,5,21,28.198964497041416
"Robert Covington","Portland Trail Blazers",30,Forward,2.01,95,"Tennessee State",USA,7,8.9,6.6,1.6,7.7,1990,Undrafted,Undrafted,23,23.514269448776027
"Torrey Craig","Phoenix Suns",30,Forward,2.01,100,"South Carolina Upstate",USA,3,4.4,3.4,0.9,8.7,1990,Undrafted,Undrafted,27,24.751862577658976
"Jae Crowder","Phoenix Suns",30,Forward,1.98,107,Marquette,USA,8,9.8,4.8,2.1,8.3,1990,2012,34,22,27.293133353739414
"Jarrett Culver","Minnesota Timberwolves",22,Guard-Forward,1.98,88,"Texas Tech",USA,1,5.3,3.1,0.7,5.7,1999,2019,6,21,22.44668911335578
"Seth Curry","Philadelphia 76ers",30,Guard,1.88,84,Duke,USA,6,12.1,2.1,2.8,7.5,1990,Undrafted,Undrafted,24,23.766410140334994
"Stephen Curry","Golden State Warriors",33,Guard,1.91,84,Davidson,USA,11,31.1,5.5,5.9,18.2,1988,2009,7,22,23.025684602944
"Nate Darling","Charlotte Hornets",22,Guard,1.98,91,Delaware,Canada,0,1.5,0.2,0.2,5.3,1998,Undrafted,Undrafted,22,23.21191715131109
"Anthony Davis","Los Angeles Lakers",28,Forward-Center,2.08,115,Kentucky,USA,8,21.8,8.2,3,15.8,1993,2012,1,20,26.58099112426035
"Ed Davis","Minnesota Timberwolves",31,Center-Forward,2.06,99,"North Carolina",USA,10,2.2,5.1,1,8.1,1989,2010,13,21,23.329248751060423
"Terence Davis","Sacramento Kings",23,Guard,1.93,91,Mississippi,USA,1,7.3,2,1.1,7.4,1997,Undrafted,Undrafted,22,24.43018604526296
"DeMar DeRozan","San Antonio Spurs",31,Guard-Forward,1.98,100,"Southern California",USA,11,21,4.4,7.1,14,1989,2009,9,20,25.507601265177023
"Gabriel Deck","Oklahoma City Thunder",26,Forward,1.98,105,"Real Madrid",Argentina,0,0,0,0,0,1995,Undrafted,Undrafted,26,26.782981328435874
"Dewayne Dedmon","Miami Heat",31,Center,2.13,111,"Southern California",USA,7,7.8,6,0.5,14.9,1989,Undrafted,Undrafted,24,24.466045096872318
"Matthew Dellavedova","Cleveland Cavaliers",30,Guard,1.91,91,"St.Mary's College of California",Australia,7,2.8,1.9,4.5,5.7,1990,Undrafted,Undrafted,23,24.94449165318933
"Donte DiVincenzo","Milwaukee Bucks",24,Guard,1.93,92,Villanova,USA,2,10.4,5.6,3.2,8.7,1997,2018,17,22,24.69864962817794
"Mamadi Diakite","Milwaukee Bucks",24,Forward,2.06,103,Virginia,Guinea,0,2.5,2.3,0.5,8.3,1997,Undrafted,Undrafted,24,24.271844660194176
"Hamidou Diallo","Detroit Pistons",22,Guard,1.96,92,Kentucky,USA,2,10.9,4.8,2,9.3,1998,2018,45,20,23.94835485214494
"Gorgui Dieng","San Antonio Spurs",31,Center,2.08,114,Louisville,Senegal,7,6.7,3.9,1.2,11.7,1990,2013,21,24,26.349852071005916
"Spencer Dinwiddie","Brooklyn Nets",28,Guard,1.96,98,Colorado,USA,6,6.7,4.3,3,10.2,1993,2014,38,22,25.510204081632654
"Luka Doncic","Dallas Mavericks",22,Forward-Guard,2.01,104,"Real Madrid",Slovenia,2,28.7,8,8.7,18.2,1999,2018,3,20,25.741937080765336
"Luguentz Dort","Oklahoma City Thunder",22,Guard,1.91,98,"Arizona State",Canada,1,13.9,3.6,1.6,6.6,1999,Undrafted,Undrafted,21,26.863298703434666
"Damyean Dotson","Cleveland Cavaliers",26,Guard,1.96,95,Houston,USA,3,6.5,2,2.1,7.6,1994,2017,44,23,24.729279466888798
"Devon Dotson","Chicago Bulls",21,Guard,1.88,84,Kansas,USA,0,1,0.5,0.3,13.5,1999,Undrafted,Undrafted,21,23.766410140334994
"Sekou Doumbouya","Detroit Pistons",20,Forward,2.03,104,Limoges,France,1,4,2.1,0.7,3.4,2000,2019,15,19,25.237205464825653
"PJ Dozier","Denver Nuggets",24,Guard-Forward,1.98,93,"South Carolina",USA,3,7.1,3.7,1.7,7.7,1996,Undrafted,Undrafted,21,23.72206917661463
"Goran Dragic","Miami Heat",34,Guard,1.91,86,"Union Olimpija",Slovenia,12,13.2,3.5,4.4,10.2,1986,2008,45,22,23.573915188728378
"Andre Drummond","Los Angeles Lakers",27,Center,2.08,127,Connecticut,USA,8,16.1,12.7,2.4,14.3,1993,2012,9,19,29.354659763313606
"Jared Dudley","Los Angeles Lakers",35,Forward,1.98,108,"Boston College",USA,13,0.5,1.7,0.5,5.7,1985,2007,22,22,27.548209366391184
"Kris Dunn","Atlanta Hawks",27,Guard,1.91,93,Providence,USA,4,7.3,3.6,3.4,8.2,1994,2016,5,23,25.492722238973712
"Kevin Durant","Brooklyn Nets",32,Forward,2.08,109,Texas-Austin,USA,12,27.3,6.7,5.2,16.9,1988,2007,2,20,25.194156804733726
"Anthony Edwards","Minnesota Timberwolves",19,Guard,1.93,102,Georgia,USA,0,18.3,4.3,2.7,8.5,2001,2020,1,19,27.383285457327716
"Carsen Edwards","Boston Celtics",23,Guard,1.8,91,Purdue,USA,1,4.3,0.9,0.4,7.1,1998,2019,33,22,28.086419753086417
"CJ Elleby","Portland Trail Blazers",20,Forward-Guard,1.98,91,"Washington State",USA,0,2.4,1,0.2,4.1,2000,2020,46,20,23.21191715131109
"Henry Ellenson",N/A,24,Foward-Center,2.08,109,Marquette,USA,4,7.5,6,2.5,10.6,1997,2016,18,20,25.194156804733726
"Wayne Ellington","Detroit Pistons",33,Guard,1.93,94,"North Carolina",USA,11,9.8,1.9,1.4,7.7,1987,2009,28,22,25.235576794007894
"Joel Embiid","Philadelphia 76ers",27,Center-Forward,2.13,127,Kansas,Cameroon,4,30,11.1,3.1,20.8,1994,2014,3,23,27.99268222795301
"James Ennis III","Orlando Magic",30,Forward,1.98,98,"California State-Long Beach",USA,6,8.6,4.1,1.5,7.7,1990,2013,50,24,24.997449239873482
"Drew Eubanks","San Antonio Spurs",24,Forward-Center,2.06,111,"Oregon State",USA,2,5.5,4.3,0.9,12,1997,Undrafted,Undrafted,22,26.157036478461684
"Dante Exum","Houston Rockets",25,Guard,1.96,97,"Australian Institute of Sport",Australia,5,3.8,2.8,2.2,5.8,1995,2014,5,20,25.249895876718035
"Tacko Fall","Boston Celtics",25,Center,2.26,141,"Central Florida",Senegal,1,2.7,2.5,0.1,10.9,1995,Undrafted,Undrafted,24,27.605920588926313
"Derrick Favors","Utah Jazz",29,Forward,2.06,120,"Georgia Tech",USA,10,5.6,5.5,0.7,10.9,1991,2010,3,19,28.27787727401263
"Cristiano Felicio","Chicago Bulls",28,Forward-Center,2.11,122,Flamengo,Brazil,5,1.1,1.1,0.6,11,1992,Undrafted,Undrafted,23,27.40279867927495
"Terrance Ferguson",N/A,22,Guard,1.98,86,Adelaide,USA,3,0.2,0.1,0.2,-6.5,1998,2017,21,19,21.93653708805224
"Bruno Fernando","Atlanta Hawks",22,Forward-Center,2.06,109,Maryland,Angola,1,1.3,2.4,0.3,6.8,1998,2019,34,21,25.68573852389481
"Yogi Ferrell","LA Clippers",27,Guard,1.83,81,Indiana,USA,4,9,2.3,4,9.5,1993,Undrafted,Undrafted,23,24.187046492878256
"Dorian Finney-Smith","Dallas Mavericks",27,Forward,2.01,100,Florida,USA,4,9.4,5.5,1.5,7,1993,Undrafted,Undrafted,23,24.751862577658976
"Malik Fitts",N/A,23,Foward,2.03,104,"St. Mary's College",USA,0,1,1,0,2.9,1997,Undrafted,Undrafted,23,25.237205464825653
"Malachi Flynn","Toronto Raptors",22,Guard,1.85,79,"San Diego State",USA,0,5.7,2,2.6,7.6,1998,2020,29,22,23.08254200146092
"Bryn Forbes","Milwaukee Bucks",27,Guard,1.88,93,"Michigan State",USA,4,9.6,1.5,0.6,7.1,1993,Undrafted,Undrafted,23,26.312811226799457
"Trent Forrest","Utah Jazz",22,Guard,1.93,95,"Florida State",USA,0,1,0.4,1.1,5.9,1998,Undrafted,Undrafted,22,25.50404037692287
"Evan Fournier","Boston Celtics",28,Guard-Forward,2.01,93,"Poitiers Basket 86",France,8,18.6,2.7,3.4,10.1,1992,2012,20,20,23.01923219722285
"De'Aaron Fox","Sacramento Kings",23,Guard,1.91,84,Kentucky,USA,3,25.2,3.5,7.2,12.4,1997,2017,5,20,23.025684602944
"Robert Franks","Orlando Magic",24,Forward,2.01,102,"Washington State",USA,0,4.4,1.8,0.6,6.3,1996,2019,,24,25.246899829212154
"Tim Frazier","Memphis Grizzlies",30,Guard,1.83,77,"Penn State",USA,6,1.3,1.3,2.3,3.1,1990,Undrafted,Undrafted,24,22.99262444384723
"Markelle Fultz","Orlando Magic",22,Guard,1.91,95,Washington,USA,3,12.9,3.1,5.4,8.1,1998,2017,1,19,26.040952824758094
"Wenyen Gabriel","New Orleans Pelicans",24,Forward,2.06,93,Kentucky,"South Sudan",1,1.4,1.8,0.6,4.3,1997,Undrafted,Undrafted,23,21.91535488735979
"Daniel Gafford","Washington Wizards",22,Forward-Center,2.08,106,Arkansas,USA,1,6.4,4,0.5,12.2,1998,2019,38,21,24.500739644970412
"Danilo Gallinari","Atlanta Hawks",32,Forward,2.08,106,"Olimpia Milano",Italy,11,13.4,4.1,1.4,11,1988,2008,6,21,24.500739644970412
"Langston Galloway","Phoenix Suns",29,Guard,1.85,91,"St. Joseph's (PA)",USA,6,4.7,1,0.7,8.2,1991,Undrafted,Undrafted,23,26.588750913075234
"Darius Garland","Cleveland Cavaliers",21,Guard,1.85,87,Vanderbilt,USA,1,17.4,2.4,6,9.8,2000,2019,5,20,25.420014609203797
"Marc Gasol","Los Angeles Lakers",36,Center,2.11,116,"FC Barcelona",Spain,12,5.4,4,2.1,7.9,1985,2007,48,24,26.05512005570405
"Rudy Gay","San Antonio Spurs",34,Forward-Guard,2.03,113,Connecticut,USA,14,11,4.9,1.5,10.5,1986,2006,8,20,27.421194399281717
"Paul George","LA Clippers",30,Forward,2.03,100,"Fresno State",USA,10,23.8,6.4,5.4,15.1,1990,2010,10,20,24.26654371617851
"Taj Gibson","New York Knicks",35,Forward,2.06,105,"Southern California",USA,11,5,5.5,0.7,9.2,1985,2009,26,24,24.74314261476105
"Harry Giles III","Portland Trail Blazers",23,Forward-Center,2.11,109,Duke,USA,2,2.9,3.9,0.8,8.9,1998,2017,20,21,24.48282832820467
"Shai Gilgeous-Alexander","Oklahoma City Thunder",22,Guard-Forward,1.98,82,Kentucky,Canada,2,23.7,4.7,5.9,14.6,1998,2018,11,20,20.91623303744516
"Anthony Gill","Washington Wizards",28,Forward,2.01,104,Virginia,USA,0,1.1,1.5,0.2,6.9,1992,Undrafted,Undrafted,28,25.741937080765336
"Freddie Gillespie","Toronto Raptors",23,,2.06,111,Baylor,USA,0,6.1,4,0.6,10.5,1997,Undrafted,Undrafted,23,26.157036478461684
"Rudy Gobert","Utah Jazz",28,Center,2.16,117,Cholet,France,7,14.5,13.6,1.3,16.5,1992,2013,27,21,25.077160493827158
"Brandon Goodwin","Atlanta Hawks",25,Guard,1.83,82,"Florida Gulf Coast",USA,2,4.7,1.4,1.8,7.5,1995,Undrafted,Undrafted,23,24.48565200513601
"Aaron Gordon","Denver Nuggets",25,Forward,2.03,107,Arizona,USA,6,13.3,6.1,3.7,10.2,1995,2014,4,19,25.965201776311005
"Eric Gordon","Houston Rockets",32,Guard,1.91,98,Indiana,USA,12,17.8,2.1,2.6,9.7,1988,2008,7,20,26.863298703434666
"Devonte' Graham","Charlotte Hornets",26,Guard,1.85,88,Kansas,USA,2,14.1,2.7,5.2,10,1995,2018,34,24,25.712198685171657
"Jerami Grant","Detroit Pistons",27,Forward,2.03,95,Syracuse,USA,6,22.5,4.6,2.9,11.5,1994,2014,39,21,23.053216530369586
"Danny Green","Philadelphia 76ers",33,Guard,1.98,98,"North Carolina",USA,11,9.7,3.7,1.7,7.3,1987,2009,46,22,24.997449239873482
"Draymond Green","Golden State Warriors",31,Forward,1.98,104,"Michigan State",USA,8,6.7,6.5,8.5,9.8,1990,2012,35,23,26.527905315784103
"JaMychal Green","Denver Nuggets",30,Forward-Center,2.03,103,Alabama,USA,6,8.3,4.9,0.8,9.5,1990,Undrafted,Undrafted,24,24.994540027663867
"Javonte Green","Chicago Bulls",27,Guard-Forward,1.93,93,Radford,USA,1,3.5,1.9,0.4,6.4,1993,Undrafted,Undrafted,26,24.967113211092915
"Jeff Green","Brooklyn Nets",34,Forward,2.03,107,Georgetown,USA,12,10.3,3.7,1.6,7.6,1986,2007,5,22,25.965201776311005
"Josh Green","Dallas Mavericks",20,Guard,1.96,91,Arizona,Australia,0,2.3,1.9,0.5,5.1,2000,2020,18,20,23.688046647230323
"Blake Griffin","Brooklyn Nets",32,Forward,2.06,113,Oklahoma,USA,10,10.8,4.9,3.3,8.9,1989,2009,1,22,26.628334433028563
"Kyle Guy","Sacramento Kings",23,Guard,1.85,76,Virginia,USA,1,2.9,1,0.9,7.7,1997,2019,55,22,22.205989773557338
"Rui Hachimura","Washington Wizards",23,Forward,2.03,104,Gonzaga,Japan,1,13.5,5.7,1.5,8,1998,2019,9,22,25.237205464825653
"Ashton Hagans",N/A,21,Guard-Forward,1.91,86,Kentucky,USA,0,0,0,0,-25,1999,Undrafted,Undrafted,21,23.573915188728378
"Tyrese Haliburton","Sacramento Kings",21,Guard,1.96,84,"Iowa State",USA,0,12.6,3,5.1,10.1,2000,2020,12,21,21.86588921282799
"Donta Hall","Orlando Magic",23,Center,2.08,104,Alabama,USA,1,4.3,4.3,1.5,12.7,1997,Undrafted,Undrafted,22,24.038461538461537
"Josh Hall","Oklahoma City Thunder",20,Forward,2.06,86,"Moravian Prep (NC)",USA,0,2.6,2,1.3,-0.4,2000,Undrafted,Undrafted,20,20.265812046375718
"R.J. Hampton","Orlando Magic",20,Guard,1.93,79,"New Zealand Breakers",USA,0,4.9,2.7,0.9,6.7,2001,2020,24,20,21.20862305028323
"Tim Hardaway Jr.","Dallas Mavericks",29,Guard-Forward,1.96,93,Michigan,USA,7,15.7,3.3,1.7,9.6,1992,2013,24,22,24.20866305705956
"James Harden","Brooklyn Nets",31,Guard,1.96,100,"Arizona State",USA,11,25.2,8,10.9,17.4,1989,2009,3,20,26.030820491461892
"Maurice Harkless","Sacramento Kings",27,Forward-Guard,2.01,100,"St. John's",USA,8,4.3,2,0.9,4.3,1993,2012,15,19,24.751862577658976
"Jared Harper","New York Knicks",23,Guard,1.78,79,Auburn,USA,1,0.5,0,0,-3.8,1997,Undrafted,Undrafted,22,24.933720489837143
"Montrezl Harrell","Los Angeles Lakers",27,Forward-Center,2.01,109,Louisville,USA,5,13.9,6.6,1.1,15.3,1994,2015,32,22,26.979530209648285
"Gary Harris","Orlando Magic",26,Guard,1.93,95,"Michigan State",USA,6,10.2,2.2,1.8,5.3,1994,2014,19,20,25.50404037692287
"Jalen Harris","Toronto Raptors",22,Guard,1.96,88,Nevada,USA,0,0.8,0.8,0.5,4,1998,2020,59,22,22.907122032486466
"Joe Harris","Brooklyn Nets",29,Guard-Forward,1.98,100,Virginia,USA,6,14.4,3.6,1.8,8.9,1991,2014,33,23,25.507601265177023
"Tobias Harris","Philadelphia 76ers",28,Forward,2.03,103,Tennessee,USA,9,20.4,7.1,3.7,14.9,1992,2011,19,19,24.994540027663867
"Shaquille Harrison","Denver Nuggets",27,Guard,2.01,86,Tulsa,USA,3,1.3,0.5,0.6,5.6,1993,Undrafted,Undrafted,24,21.286601816786717
"Josh Hart","New Orleans Pelicans",26,Guard,1.96,98,Villanova,USA,3,9.2,8,2.3,10,1995,2017,30,23,25.510204081632654
"Isaiah Hartenstein","Cleveland Cavaliers",22,Center-Forward,2.13,113,Zalgiris,Germany,2,5,4.1,1.1,11.1,1998,2017,43,20,24.906874738257404
"Udonis Haslem","Miami Heat",40,Forward,2.03,107,Florida,USA,17,3,4,0.3,10.5,1980,Undrafted,Undrafted,23,25.965201776311005
"Jaxson Hayes","New Orleans Pelicans",20,Center-Forward,2.11,100,Texas-Austin,USA,1,6.3,3.9,0.6,11,2000,2019,8,19,22.46131039284832
"Killian Hayes","Detroit Pistons",19,Guard,1.96,88,"Ratiopharm Ulm",France,0,6.3,2.1,4.3,4.8,2001,2020,7,19,22.907122032486466
"Gordon Hayward","Charlotte Hornets",31,Forward,2.01,102,Butler,USA,10,19.6,5.9,4.1,12.4,1990,2010,9,21,25.246899829212154
"Juancho Hernangomez","Minnesota Timberwolves",25,Forward,2.06,97,Estudiantes,Spain,4,6.9,3.9,0.6,8.8,1995,2016,15,21,22.857950796493544
"Willy Hernangomez","New Orleans Pelicans",26,Center-Forward,2.11,113,"Cajasol Sevilla",Spain,4,6.7,6.4,0.9,12.7,1994,2015,35,22,25.3812807439186
"Tyler Herro","Miami Heat",21,Guard,1.96,88,Kentucky,USA,1,15,4.9,3.4,10.4,2000,2019,13,20,22.907122032486466
"Buddy Hield","Sacramento Kings",28,Guard,1.93,100,Oklahoma,Bahamas,4,16.6,4.5,3.1,7.8,1992,2016,6,24,26.846358291497758
"George Hill","Philadelphia 76ers",34,Guard,1.93,85,"Indiana-Purdue Indianapolis",USA,12,10.8,2.1,2.8,9.8,1986,2008,26,22,22.819404547773097
"Solomon Hill","Atlanta Hawks",30,Forward,1.98,103,Arizona,USA,7,4.7,2.7,1,4.3,1991,2013,23,23,26.272829303132333
"Nate Hinton","Dallas Mavericks",21,Guard-Forward,1.96,95,Houston,USA,0,1.5,0.4,0.3,9.6,1999,Undrafted,Undrafted,21,24.729279466888798
"Jaylen Hoard","Oklahoma City Thunder",22,Forward,2.03,98,"Wake Forest",France,1,6.6,3.7,0.9,7.5,1999,Undrafted,Undrafted,21,23.78121284185494
"Aaron Holiday","Indiana Pacers",24,Guard,1.83,84,UCLA,USA,2,7.2,1.3,1.6,5.4,1996,2018,23,22,25.082863029651524
"Jrue Holiday","Milwaukee Bucks",30,Guard,1.91,93,UCLA,USA,11,17.2,4.5,5.6,12.2,1990,2009,17,19,25.492722238973712
"Justin Holiday","Indiana Pacers",32,Forward-Guard,1.98,82,Washington,USA,7,10.4,3.6,1.6,6.3,1989,Undrafted,Undrafted,25,20.91623303744516
"Rondae Hollis-Jefferson","Portland Trail Blazers",26,Forward,1.98,98,Arizona,USA,5,4,3,1.8,5.6,1995,2015,23,21,24.997449239873482
"Richaun Holmes","Sacramento Kings",27,Forward,2.08,107,"Bowling Green",USA,5,14.1,8.9,1.7,12.1,1993,2015,37,22,24.73187869822485
"Rodney Hood","Toronto Raptors",28,Guard-Forward,2.03,94,Duke,USA,6,4.8,1.9,1.1,3.4,1992,2014,23,22,22.8105510932078
"Al Horford","Oklahoma City Thunder",34,Center-Forward,2.06,109,Florida,"Dominican Republic",13,14.2,6.7,3.4,13.1,1986,2007,3,21,25.68573852389481
"Talen Horton-Tucker","Los Angeles Lakers",20,Guard,1.93,106,"Iowa State",USA,1,8.9,2.8,2.5,9.5,2000,2019,46,19,28.457139788987625
"Danuel House Jr.","Houston Rockets",27,Forward-Guard,1.98,100,"Texas A&M",USA,4,9.3,3.9,1.9,6.7,1993,Undrafted,Undrafted,23,25.507601265177023
"Dwight Howard","Philadelphia 76ers",35,Center-Forward,2.08,120,"SW Atlanta Christian Academy (GA)",USA,16,6.6,8.3,0.8,12.3,1985,2004,1,19,27.73668639053254
"Markus Howard","Denver Nuggets",22,Guard,1.78,79,Marquette,USA,0,1,0.4,0.4,-1,1999,Undrafted,Undrafted,22,24.933720489837143
"Kevin Huerter","Atlanta Hawks",22,Guard-Forward,2.01,86,Maryland,USA,2,12.2,3.4,3.5,7.6,1998,2018,19,20,21.286601816786717
"Elijah Hughes","Utah Jazz",23,Guard,1.96,98,Syracuse,USA,0,1.9,0.5,0.3,8.9,1998,2020,39,23,25.510204081632654
"De'Andre Hunter","Atlanta Hawks",23,Forward-Guard,2.03,102,Virginia,USA,1,16,5.1,2.1,10.8,1997,2019,4,22,24.75187459050208
"Chandler Hutchison","Washington Wizards",24,Forward-Guard,1.98,95,"Boise State",USA,2,3.7,3.3,0.7,4.5,1996,2018,22,22,24.232221201918172
"Serge Ibaka","LA Clippers",31,Forward,2.08,107,"Ricoh Manresa","Republic of the Congo",11,10.9,6.7,1.7,11.2,1989,2008,24,20,24.73187869822485
"Andre Iguodala","Miami Heat",37,Guard-Forward,1.98,98,Arizona,USA,16,4.7,3.7,2.2,7.9,1984,2004,9,21,24.997449239873482
"Ersan Ilyasova","Utah Jazz",33,Forward,2.06,107,"FC Barcelona",Turkey,12,3.7,1.7,0.2,6.8,1987,2005,36,21,25.21444056932793
"Joe Ingles","Utah Jazz",33,Forward-Guard,2.03,100,"Maccabi Tel Aviv",Australia,6,12.4,3.7,4.4,11.9,1987,Undrafted,Undrafted,27,24.26654371617851
"Brandon Ingram","New Orleans Pelicans",23,Forward,2.03,86,Duke,USA,4,24.3,4.9,4.9,13.2,1997,2016,2,19,20.869227595913518
"Kyrie Irving","Brooklyn Nets",29,Guard,1.88,88,Duke,Australia,9,27.4,4.8,6.2,15,1992,2011,1,20,24.898143956541425
"Jonathan Isaac","Orlando Magic",23,Forward,2.11,104,"Florida State",USA,3,11.9,6.8,1.4,10.8,1997,2017,6,20,23.35976280856225
"Wes Iwundu","New Orleans Pelicans",26,Forward,1.98,88,"Kansas State",USA,3,2.7,2.2,0.4,3.9,1994,2017,33,23,22.44668911335578
"Frank Jackson","Detroit Pistons",22,Guard,1.91,93,Duke,USA,2,8.4,1.9,0.7,8.5,1998,2017,31,20,25.492722238973712
"Josh Jackson","Detroit Pistons",24,Guard-Forward,2.03,94,Kansas,USA,3,13.7,4.1,2.1,8.7,1997,2017,4,21,22.8105510932078
"Justin Jackson","Milwaukee Bucks",26,Forward,2.03,100,"North Carolina",USA,3,7.2,2.2,1.5,7.9,1995,2017,15,23,24.26654371617851
"Reggie Jackson","LA Clippers",31,Guard,1.88,94,"Boston College",USA,9,10.4,2.9,3.1,8.9,1990,2011,24,22,26.595744680851066
"Jaren Jackson Jr.","Memphis Grizzlies",21,Forward-Center,2.11,110,"Michigan State",USA,2,15,8,0,17.2,1999,2018,4,19,24.70744143213315
"Justin James","Sacramento Kings",24,Guard-Forward,2.01,86,Wyoming,USA,1,1.8,0.4,0.6,4.3,1997,2019,40,23,21.286601816786717
"LeBron James","Los Angeles Lakers",36,Forward,2.06,113,"St. Vincent-St. Mary HS (OH)",USA,17,25.4,7.9,7.9,19.4,1984,2003,1,19,26.628334433028563
"DaQuan Jeffries","Houston Rockets",23,Guard-Forward,1.96,104,Tulsa,USA,1,3.2,1.6,0.4,4.2,1997,Undrafted,Undrafted,22,27.072053311120367
"Ty Jerome","Oklahoma City Thunder",23,Guard-Forward,1.96,88,Virginia,USA,1,9.9,2.8,3.7,8.5,1997,2019,24,22,22.907122032486466
"Isaiah Joe","Philadelphia 76ers",21,Guard,1.93,75,Arkansas,USA,0,3.2,0.9,0.5,5,1999,2020,49,21,20.13476871862332
"Alize Johnson","Brooklyn Nets",25,Forward,2.01,96,"Missouri State",USA,2,5.3,4.6,0.8,16.7,1996,2018,50,23,23.761788074552616
"Cameron Johnson","Phoenix Suns",25,Forward,2.03,95,"North Carolina",USA,1,9.9,3.3,1.5,8.9,1996,2019,11,24,23.053216530369586
"James Johnson","New Orleans Pelicans",34,Forward,2.01,109,"Wake Forest",USA,11,6.8,3.3,2,7.3,1987,2009,16,23,26.979530209648285
"Keldon Johnson","San Antonio Spurs",21,Forward-Guard,1.96,100,Kentucky,USA,1,12.7,6.4,1.7,9.4,1999,2019,29,20,26.030820491461892
"Stanley Johnson","Toronto Raptors",24,Forward-Guard,1.98,110,Arizona,USA,5,3.4,2.3,1.2,5.4,1996,2015,8,19,28.058361391694724
"Tyler Johnson","Brooklyn Nets",28,Guard,1.91,84,"Fresno State",USA,6,5.4,1.9,0.9,5.9,1992,Undrafted,Undrafted,22,23.025684602944
"Nikola Jokic","Denver Nuggets",26,Center,2.11,129,"Mega Basket",Serbia,5,26.4,11,8.7,19.9,1995,2014,41,21,28.97509040677433
"Damian Jones","Sacramento Kings",25,Center,2.11,111,Vanderbilt,USA,4,3.1,2.3,0.3,6.6,1995,2016,30,21,24.932054536061635
"Mason Jones","Philadelphia 76ers",22,Guard,1.93,91,Arkansas,USA,0,5.4,1.8,1.4,9.5,1998,Undrafted,Undrafted,22,24.43018604526296
"Tre Jones","San Antonio Spurs",21,Guard,1.85,84,Duke,USA,0,1.9,0.4,0.7,8.5,2000,2020,41,21,24.543462381300216
"Tyus Jones","Memphis Grizzlies",24,Guard,1.83,89,Duke,USA,5,6.9,2.1,4,11.4,1996,2015,24,19,26.575890590940304
"Derrick Jones Jr.","Portland Trail Blazers",24,Forward,1.96,95,UNLV,USA,4,7.3,3.9,0.8,6,1997,Undrafted,Undrafted,20,24.729279466888798
"DeAndre Jordan","Brooklyn Nets",32,Center,2.11,120,"Texas A&M",USA,12,7.7,7.4,1.7,11.2,1988,2008,35,20,26.953572471417985
"Cory Joseph","Detroit Pistons",29,Guard,1.91,91,Texas-Austin,Canada,9,7.8,2.5,3.2,7.5,1991,2011,29,20,24.94449165318933
"Mfiondu Kabengele","Cleveland Cavaliers",23,Forward-Center,2.06,113,"Florida State",Canada,1,1.3,0.7,0.2,2,1997,2019,27,22,26.628334433028563
"Frank Kaminsky","Phoenix Suns",28,Forward-Center,2.13,109,Wisconsin,USA,5,6.2,3.6,1.6,10.8,1993,2015,9,23,24.02521545548723
"Enes Kanter","Portland Trail Blazers",28,Center,2.08,113,Fenerbahce,Turkey,9,11.9,11.6,1.3,14.1,1992,2011,3,19,26.118713017751478
"Luke Kennard","LA Clippers",24,Guard,1.96,93,Duke,USA,3,8.5,2.8,1.7,8.6,1996,2017,12,21,24.20866305705956
"Maxi Kleber","Dallas Mavericks",29,Forward,2.08,109,"Bayern Munich",Germany,3,7.1,5.3,1.3,7,1992,Undrafted,Undrafted,26,25.194156804733726
"Nathan Knight","Atlanta Hawks",23,Forward-Center,2.08,115,"William & Mary",USA,0,3.5,1.9,0.2,7.6,1997,Undrafted,Undrafted,23,26.58099112426035
"Kevin Knox II","New York Knicks",21,Forward,2.01,98,Kentucky,USA,2,4.2,1.6,0.5,6.4,1999,2018,9,19,24.256825326105798
"John Konchar","Memphis Grizzlies",25,Guard,1.96,95,"Indiana-Purdue Fort Wayne",USA,1,3.8,2.8,1.1,8.3,1996,Undrafted,Undrafted,24,24.729279466888798
"Furkan Korkmaz","Philadelphia 76ers",23,Guard-Forward,2.01,92,"Anadolu Efes",Turkey,3,9.5,2.1,1.3,9,1997,2016,26,20,22.771713571446256
"Luke Kornet","Boston Celtics",25,Forward-Center,2.18,113,Vanderbilt,USA,3,2.9,1.9,0.6,8.3,1995,Undrafted,Undrafted,22,23.777459809780318
"Rodions Kurucs","Milwaukee Bucks",23,Forward,2.06,103,"FC Barcelona",Latvia,2,1.5,1.2,0.5,5.1,1998,2018,40,21,24.271844660194176
"Kyle Kuzma","Los Angeles Lakers",25,Forward,2.08,100,Utah,USA,3,12.8,6.5,1.8,9.6,1995,2017,27,22,23.113905325443785
"Zach LaVine","Chicago Bulls",26,Guard-Forward,1.96,91,UCLA,USA,6,27.5,5.1,5.1,14.1,1995,2014,13,20,23.688046647230323
"Anthony Lamb","Houston Rockets",23,Forward,1.98,103,Vermont,USA,0,2.3,2.4,0.4,2.3,1998,Undrafted,Undrafted,23,26.272829303132333
"Jeremy Lamb","Indiana Pacers",28,Guard-Forward,1.96,82,Connecticut,USA,8,10.1,3.6,1.5,9.8,1992,2012,12,20,21.345272802998753
"Romeo Langford","Boston Celtics",21,Guard-Forward,1.93,98,Indiana,USA,1,2.4,2.3,0.8,3.3,1999,2019,14,20,26.309431125667803
"Jake Layman","Minnesota Timberwolves",27,Forward,2.03,95,Maryland,USA,4,5.3,1.5,0.7,7.4,1994,2016,47,23,23.053216530369586
"Caris LeVert","Indiana Pacers",26,Guard,1.98,93,Michigan,USA,4,18.5,4.5,4.8,11.2,1994,2016,20,22,23.72206917661463
"T.J. Leaf","Portland Trail Blazers",23,Forward,2.08,101,UCLA,USA,3,3,2.5,0.3,9.2,1997,2017,18,20,23.345044378698223
"Jalen Lecque",N/A,20,Guard,1.93,84,"Brewster Academy (NH)",USA,1,1.3,1.3,0.5,12,2000,Undrafted,Undrafted,19,22.550940964858118
"Damion Lee","Golden State Warriors",28,Guard-Forward,1.96,95,Louisville,USA,3,6.5,3.2,1.3,8.8,1992,Undrafted,Undrafted,25,24.729279466888798
"Saben Lee","Detroit Pistons",21,Guard,1.88,83,Vanderbilt,USA,0,5.4,2.1,3.4,9.7,1999,2020,38,21,23.48347668628339
"Alex Len","Washington Wizards",27,Center,2.13,113,Maryland,Ukraine,7,6.6,3.8,0.8,9.6,1993,2013,5,20,24.906874738257404
"Kawhi Leonard","LA Clippers",29,Forward,2.01,102,"San Diego State",USA,9,25.7,6.7,5.1,17.2,1991,2011,15,20,25.246899829212154
"Meyers Leonard",N/A,29,Foward-Center,2.13,118,Illinois,USA,8,3.3,2.3,0.7,6.7,1992,2012,11,21,26.008948841720123
"Kira Lewis Jr.","New Orleans Pelicans",20,Guard,1.85,77,Alabama,USA,0,6.5,1.2,2.3,6.8,2001,2020,13,20,22.498173849525198
"Damian Lillard","Portland Trail Blazers",30,Guard,1.88,88,"Weber State",USA,8,28.6,4.2,7.6,15.4,1990,2012,6,22,24.898143956541425
"Nassir Little","Portland Trail Blazers",21,Forward-Guard,1.96,100,"North Carolina",USA,1,5,2.9,0.5,7.6,2000,2019,25,20,26.030820491461892
"Kevon Looney","Golden State Warriors",25,Forward,2.06,101,UCLA,USA,5,3.9,4.7,1.9,8.2,1996,2015,30,20,23.800546705627298
"Brook Lopez","Milwaukee Bucks",33,Center,2.13,128,Stanford,USA,12,11.7,5.1,0.7,8.2,1988,2008,10,21,28.213097048645555
"Robin Lopez","Washington Wizards",33,Center,2.13,127,Stanford,USA,12,8.8,3.9,0.8,9.6,1988,2008,15,21,27.99268222795301
"Kevin Love","Cleveland Cavaliers",32,Forward-Center,2.03,114,UCLA,USA,12,11.7,6.6,2.3,11.9,1988,2008,5,20,27.663859836443503
"Kyle Lowry","Toronto Raptors",35,Guard,1.83,89,Villanova,USA,14,17,5.5,7.2,11.4,1986,2006,24,21,26.575890590940304
"Timothe Luwawu-Cabarrot","Brooklyn Nets",25,Guard-Forward,2.01,100,"Mega Basket",France,4,6.7,2.4,1.2,4.5,1995,2016,24,21,24.751862577658976
"Trey Lyles","San Antonio Spurs",25,Forward,2.06,106,Kentucky,Canada,5,5,3.7,0.6,9.8,1995,2015,12,20,24.97879159204449
"Will Magnay",N/A,22,Center,2.08,106,Australia,Australia,0,0,0,0,-17.1,1998,Undrafted,Undrafted,22,24.500739644970412
"Thon Maker",N/A,24,Foward-Center,2.13,100,"Athlete Institute Prep","South Sudan",4,3.8,2.3,0.5,13.4,1997,2016,10,20,22.04148206925434
"Theo Maledon","Oklahoma City Thunder",19,Guard,1.93,79,Asvel,France,0,9.7,3.5,3.4,6.1,2001,2020,34,19,21.20862305028323
"Karim Mane",N/A,20,Guard,1.91,86,Vanier,Senegal,0,1.1,1.4,0.4,1.7,2000,Undrafted,Undrafted,20,23.573915188728378
"Terance Mann","LA Clippers",24,Guard-Forward,1.96,98,"Florida State",USA,1,6.6,3.7,1.7,8.6,1996,2019,48,23,25.510204081632654
"Nico Mannion","Golden State Warriors",20,Guard,1.88,86,Arizona,Italy,0,4.4,1.5,2.3,7,2001,2020,48,20,24.332277048438208
"Boban Marjanovic","Dallas Mavericks",32,Center,2.24,132,"Crvena zvezda",Serbia,5,4.9,4.4,0.3,14.7,1988,Undrafted,Undrafted,27,26.30739795918367
"Lauri Markkanen","Chicago Bulls",23,Forward-Center,2.13,109,Arizona,Finland,3,14.5,5.3,0.9,10.9,1997,2017,7,20,24.02521545548723
"Naji Marshall","New Orleans Pelicans",23,Forward,2.01,100,Xavier,USA,0,5.8,3.4,2.6,8.2,1998,Undrafted,Undrafted,23,24.751862577658976
"Caleb Martin","Charlotte Hornets",25,Forward,1.96,93,Nevada-Reno,USA,1,5,2.8,1.2,7,1995,Undrafted,Undrafted,24,24.20866305705956
"Cody Martin","Charlotte Hornets",25,Forward,1.96,93,Nevada-Reno,USA,1,3.8,2.7,1.6,7.2,1995,2019,36,24,24.20866305705956
"Kelan Martin","Indiana Pacers",25,Forward,1.96,104,Butler,USA,1,2.1,1.2,0.3,7.6,1995,Undrafted,Undrafted,24,27.072053311120367
"Kenyon Martin Jr.","Houston Rockets",20,Forward,1.98,98,"IMG Academy (FL)",USA,0,6.7,4.7,0.6,9,2001,2020,52,20,24.997449239873482
"Frank Mason",N/A,27,Guard,1.8,86,Kansas,USA,3,6.3,3,3,5.9,1994,2017,34,24,26.54320987654321
"Garrison Mathews","Washington Wizards",24,Guard,1.96,98,Lipscomb,USA,1,5.8,1.4,0.5,5.2,1996,Undrafted,Undrafted,23,25.510204081632654
"Dakota Mathias",N/A,25,Guard,1.93,91,Purdue,USA,0,6,0.9,1.6,6.2,1995,2018,,25,24.43018604526296
"Wesley Matthews","Los Angeles Lakers",34,Guard,1.93,100,Marquette,USA,11,4.6,1.6,0.9,3.9,1986,Undrafted,Undrafted,23,26.846358291497758
"Tyrese Maxey","Philadelphia 76ers",20,Guard,1.88,91,Kentucky,USA,0,7.2,1.5,1.7,9.3,2000,2020,21,20,25.746944318696244
"Skylar Mays","Atlanta Hawks",23,Guard,1.93,93,"Louisiana State",USA,0,3.3,1,0.8,10.2,1997,2020,50,23,24.967113211092915
"Patrick McCaw",N/A,25,Guard,2.01,82,UNLV,USA,4,1,0.6,0.8,5.7,1995,2016,38,21,20.29652731368036
"CJ McCollum","Portland Trail Blazers",29,Guard,1.91,86,Lehigh,USA,7,23.2,4.1,4.8,12.5,1991,2013,10,22,23.573915188728378
"T.J. McConnell","Indiana Pacers",29,Guard,1.85,86,Arizona,USA,5,8.3,3.6,6.5,12,1992,2015,,24,25.127830533235937
"Jaden McDaniels","Minnesota Timberwolves",20,Forward,2.06,84,Washington,USA,0,6.8,3.6,1.1,5.2,2000,2020,28,20,19.794514091808843
"Jalen McDaniels","Charlotte Hornets",23,Forward-Center,2.06,93,"San Diego State",USA,1,6.5,2.8,0.9,6.1,1998,2019,52,22,21.91535488735979
"Doug McDermott","Indiana Pacers",29,Forward,2.01,102,Creighton,USA,6,12.9,3.6,1.3,9.6,1992,2014,11,23,25.246899829212154
"Sean McDermott","Memphis Grizzlies",24,Forward,1.98,88,Butler,USA,0,2.3,1.1,0.2,5.2,1996,Undrafted,Undrafted,24,22.44668911335578
"JaVale McGee","Denver Nuggets",33,Center-Forward,2.13,122,Nevada-Reno,USA,12,7.6,5.1,0.9,12.6,1988,2008,18,21,26.890608124490296
"Rodney McGruder","Detroit Pistons",29,Guard,1.93,93,"Kansas State",USA,4,5.7,1.4,1,9.7,1991,Undrafted,Undrafted,25,24.967113211092915
"Alfonzo McKinnie","Los Angeles Lakers",28,Forward,2.01,98,"Wisconsin-Green Bay",USA,3,3,1.4,0.2,10.4,1992,Undrafted,Undrafted,25,24.256825326105798
"Jordan McLaughlin","Minnesota Timberwolves",25,Guard,1.8,84,"Southern California",USA,1,5.2,2.1,4.2,9.3,1996,Undrafted,Undrafted,24,25.925925925925924
"Ben McLemore","Los Angeles Lakers",28,Guard,1.91,88,Kansas,USA,7,7.6,2,0.8,5.5,1993,2013,7,21,24.12214577451276
"Nicolo Melli","Dallas Mavericks",30,Forward,2.06,107,Fenerbahce,Italy,1,2.3,2.5,1,5.5,1991,Undrafted,Undrafted,29,25.21444056932793
"De'Anthony Melton","Memphis Grizzlies",22,Guard,1.88,91,"Southern California",USA,2,10.3,3.2,2.7,11.6,1998,2018,46,20,25.746944318696244
"Sam Merrill","Milwaukee Bucks",24,Guard,1.93,93,"Utah State",USA,0,2.9,1,0.7,8.9,1996,2020,60,24,24.967113211092915
"Chimezie Metu","Sacramento Kings",24,Forward-Center,2.06,102,"Southern California",USA,2,4.9,2.6,0.7,8.8,1997,2018,49,22,24.036195682910737
"Khris Middleton","Milwaukee Bucks",29,Forward,2.01,101,"Texas A&M",USA,8,20.3,6,5.6,12.4,1991,2012,39,21,24.999381203435565
"Darius Miller",N/A,31,Foward,1.98,102,Kentucky,USA,5,4.1,1.3,1.2,11.5,1990,2012,46,26,26.017753290480563
"Patty Mills","San Antonio Spurs",32,Guard,1.85,82,"St.Mary's College of California",Australia,11,11.7,1.7,2.4,8.5,1988,2009,55,21,23.959094229364496
"Paul Millsap","Denver Nuggets",36,Forward,2.01,117,"Louisiana Tech",USA,14,9,4.8,1.7,9.5,1985,2006,47,22,28.959679215861
"Shake Milton","Philadelphia 76ers",24,Guard-Forward,1.96,93,"Southern Methodist",USA,2,13.4,2.3,3,9.8,1996,2018,54,22,24.20866305705956
"Donovan Mitchell","Utah Jazz",24,Guard,1.85,98,Louisville,USA,3,26.4,4.4,5.2,13.8,1996,2017,13,21,28.634039444850252
"Adam Mokoka","Chicago Bulls",22,Guard,1.93,86,"Mega Basket",France,1,1.4,0.5,0.5,5,1998,Undrafted,Undrafted,21,23.087868130688072
"Malik Monk","Charlotte Hornets",23,Guard,1.91,91,Kentucky,USA,3,13.1,2.7,1.9,10.4,1998,2017,11,20,24.94449165318933
"E'Twaun Moore","Phoenix Suns",32,Guard,1.91,87,Purdue,USA,9,4.3,1.8,1.5,5.5,1989,2011,55,23,23.84803048162057
"Ja Morant","Memphis Grizzlies",21,Guard,1.91,79,"Murray State",USA,1,19.1,3.7,7.3,11.1,1999,2019,2,20,21.655108138483047
"Juwan Morgan","Utah Jazz",24,Forward,2.01,105,Indiana,USA,1,1.2,1,0.3,5.1,1997,Undrafted,Undrafted,23,25.989455706541925
"Markieff Morris","Los Angeles Lakers",31,Forward,2.06,111,Kansas,USA,9,7.3,4.6,1.2,8.2,1989,2011,13,22,26.157036478461684
"Monte Morris","Denver Nuggets",25,Guard,1.88,83,"Iowa State",USA,3,10.3,2.2,3.2,9.1,1995,2017,51,22,23.48347668628339
"Marcus Morris Sr.","LA Clippers",31,Forward,2.03,99,Kansas,USA,9,13.6,4.1,1,9.1,1989,2011,14,22,24.023878279016728
"Mychal Mulder","Golden State Warriors",26,Guard,1.91,83,Kentucky,Canada,1,3.6,0.8,0.4,5,1994,Undrafted,Undrafted,25,22.75156931005181
"Dejounte Murray","San Antonio Spurs",24,Guard,1.93,82,Washington,USA,3,15.5,6.9,5.3,12.5,1996,2016,29,21,22.014013799028163
"Jamal Murray","Denver Nuggets",24,Guard,1.91,98,Kentucky,Canada,4,21.2,4,4.8,11.7,1997,2016,7,20,26.863298703434666
"Mike Muscala","Oklahoma City Thunder",29,Forward-Center,2.08,109,Bucknell,USA,7,9.7,3.8,0.8,11.2,1991,2013,44,22,25.194156804733726
"Svi Mykhailiuk","Oklahoma City Thunder",23,Guard-Forward,2.01,93,Kansas,Ukraine,2,8,2.5,1.6,7.8,1997,2018,47,21,23.01923219722285
"Abdel Nader","Phoenix Suns",27,Forward,1.96,102,"Iowa State",Egypt,3,6.7,2.6,0.8,9.2,1993,2016,58,24,26.55143690129113
"Larry Nance Jr.","Cleveland Cavaliers",28,Forward-Center,2.01,111,Wyoming,USA,5,9.6,6.7,3,10.6,1993,2015,27,23,27.474567461201463
"Aaron Nesmith","Boston Celtics",21,Guard-Forward,1.96,98,Vanderbilt,USA,0,3.3,2.1,0.3,4,1999,2020,14,21,25.510204081632654
"Raul Neto","Washington Wizards",28,Guard,1.85,82,Murcia,Brazil,5,8.1,2.3,2.1,8.5,1992,2013,47,23,23.959094229364496
"Georges Niang","Utah Jazz",27,Forward,2.01,104,"Iowa State",USA,4,5.9,2.4,0.8,7.1,1993,2016,50,23,25.741937080765336
"Zeke Nnaji","Denver Nuggets",20,Forward-Center,2.06,109,Arizona,USA,0,3.3,1.6,0.2,7,2001,2020,22,20,25.68573852389481
"Nerlens Noel","New York Knicks",27,Center-Forward,2.11,100,Kentucky,USA,6,5.2,6.6,0.7,8.4,1994,2013,6,21,22.46131039284832
"Jaylen Nowell","Minnesota Timberwolves",21,Guard,1.93,91,Washington,USA,1,9.5,2.3,1.6,8.3,1999,2019,43,20,24.43018604526296
"Frank Ntilikina","New York Knicks",22,Guard,1.93,91,"Strasbourg IG",France,3,3.1,1,0.6,3.3,1998,2017,8,19,24.43018604526296
"Kendrick Nunn","Miami Heat",25,Guard,1.88,86,Oakland,USA,1,13.6,3.2,2.8,9.3,1995,Undrafted,Undrafted,24,24.332277048438208
"James Nunnally","Philadelphia 76ers",30,Forward,2.01,93,"California-Santa Barbara",USA,2,2.7,1.3,0,6.6,1990,Undrafted,Undrafted,28,23.01923219722285
"Jusuf Nurkic","Portland Trail Blazers",26,Center,2.11,132,Cedevita,"Bosnia and Herzegovina",6,9.3,7.4,3.3,10.5,1994,2014,16,20,29.64892971855978
"David Nwaba","Houston Rockets",28,Guard-Forward,1.96,99,"Cal Poly-Obispo",USA,4,9.2,3.9,1,8.9,1993,Undrafted,Undrafted,24,25.770512286547273
"Jordan Nwora","Milwaukee Bucks",22,Forward,2.03,102,Louisville,USA,0,5.2,1.7,0.3,9.9,1998,2020,45,22,24.75187459050208
"Royce O'Neale","Utah Jazz",27,Forward,1.93,103,Baylor,USA,3,6.9,7.1,2.5,7.3,1993,Undrafted,Undrafted,24,27.65174904024269
"Semi Ojeleye","Boston Celtics",26,Forward,1.98,109,"Southern Methodist",USA,3,4.8,2.7,0.7,6.2,1994,2017,37,23,27.803285379042954
"Jahlil Okafor","Detroit Pistons",25,Center-Forward,2.08,122,Duke,USA,5,4.4,2.1,0.6,9.6,1995,2015,3,20,28.198964497041416
"Chuma Okeke","Orlando Magic",22,Forward,1.98,104,Auburn,USA,0,7.2,4,2.2,8,1998,2019,16,22,26.527905315784103
"Josh Okogie","Minnesota Timberwolves",22,Guard,1.93,97,"Georgia Tech",Nigeria,2,5.6,2.6,1.1,4.3,1998,2018,20,20,26.040967542752828
"Onyeka Okongwu","Atlanta Hawks",20,Forward-Center,2.03,107,"Southern California",USA,0,3.9,2.9,0.2,7.9,2000,2020,6,20,25.965201776311005
"Isaac Okoro","Cleveland Cavaliers",20,Forward-Guard,1.96,102,Auburn,USA,0,8.3,2.8,1.7,3.9,2001,2020,5,20,26.55143690129113
"KZ Okpala","Miami Heat",21,Forward-Guard,2.03,98,Stanford,USA,1,2.4,2,0.5,1.6,1999,2019,32,20,23.78121284185494
"Victor Oladipo","Miami Heat",28,Guard,1.93,97,Indiana,USA,7,19.8,4.8,4.6,10.9,1992,2013,2,21,26.040967542752828
"Kelly Olynyk","Houston Rockets",30,Forward-Center,2.11,109,Gonzaga,Canada,7,11.9,6.5,2.2,10,1991,2013,13,23,24.48282832820467
"Miye Oni","Utah Jazz",23,Guard-Forward,1.96,93,Yale,USA,1,2,1.6,0.3,3.9,1997,2019,58,22,24.20866305705956
"Cedi Osman","Cleveland Cavaliers",26,Forward,2.01,104,"Anadolu Efes",Turkey,3,9.5,3.3,2.6,7.3,1995,2015,31,23,25.741937080765336
"Daniel Oturu","LA Clippers",21,Center,2.03,109,Minnesota,USA,0,1.4,1,0.3,8.4,1999,2020,33,21,26.450532650634578
"Kelly Oubre Jr.","Golden State Warriors",25,Forward-Guard,2.01,92,Kansas,USA,5,15.3,6,1.3,8.9,1995,2015,15,20,22.771713571446256
"Jabari Parker","Boston Celtics",26,Forward,2.03,111,Duke,USA,6,5.5,2.5,0.8,9.5,1995,2014,2,20,26.935863524958148
"Eric Paschall","Golden State Warriors",24,Forward,1.98,116,Villanova,USA,1,9.5,3.2,1.3,9.9,1996,2019,41,23,29.58881746760535
"Anzejs Pasecniks",N/A,25,Center-Forward,2.16,104,"Gran Canaria",Latvia,1,0,1,1,-26,1995,2017,25,24,22.290809327846365
"Patrick Patterson","LA Clippers",32,Forward,2.03,107,Kentucky,USA,10,4.8,1.8,0.7,6.8,1989,2010,14,22,25.965201776311005
"Justin Patton",N/A,23,Center,2.11,109,Creighton,USA,3,5.4,3.8,1.1,6.5,1997,2017,16,20,24.48282832820467
"Chris Paul","Phoenix Suns",35,Guard,1.83,79,"Wake Forest",USA,15,16,4.7,8.8,14.8,1985,2005,4,20,23.589835468362743
"Cameron Payne","Phoenix Suns",26,Guard,1.85,83,"Murray State",USA,5,7.3,2.3,3.5,10.9,1994,2015,14,21,24.251278305332356
"Elfrid Payton","New York Knicks",27,Guard,1.91,88,Louisana-Lafayette,USA,6,11.5,3.6,3.5,8.4,1994,2014,10,21,24.12214577451276
"Gary Payton II","Golden State Warriors",28,Guard,1.91,88,"Oregon State",USA,4,1.7,1,0,20.7,1992,Undrafted,Undrafted,24,24.12214577451276
"Norvel Pelle","New York Knicks",28,Center,2.08,105,Iona,USA,1,2,1.9,0.1,5.4,1993,Undrafted,Undrafted,27,24.269600591715975
"Reggie Perry","Brooklyn Nets",21,Forward-Center,2.03,113,"Mississippi State",USA,0,3.6,3.1,0.7,6.7,2000,2020,57,21,27.421194399281717
"Theo Pinson","New York Knicks",25,Guard-Forward,1.96,96,"North Carolina",USA,2,0.1,0.1,0.1,-7.1,1995,Undrafted,Undrafted,23,24.989587671803417
"Mason Plumlee","Detroit Pistons",31,Forward-Center,2.11,115,Duke,USA,7,10.2,9.2,3.6,12.5,1990,2013,22,24,25.83050695177557
"Jakob Poeltl","San Antonio Spurs",25,Center,2.16,111,Utah,Austria,4,8.5,8.1,1.8,10.3,1995,2016,9,21,23.791152263374485
"Vincent Poirier",N/A,27,Center-Forward,2.13,107,Baskonia,France,1,0.8,1.4,0.2,-2,1993,Undrafted,Undrafted,26,23.584385814102145
"Aleksej Pokusevski","Oklahoma City Thunder",19,Center,2.13,86,Olympiacos,Serbia,0,7.5,4.7,2.1,6,2001,2020,17,19,18.955674579558732
"Jordan Poole","Golden State Warriors",21,Guard,1.93,88,Michigan,USA,1,11,1.5,1.9,9.6,1999,2019,28,20,23.624795296518027
"Jontay Porter","Memphis Grizzlies",21,Center-Forward,2.11,109,Missouri,USA,0,1.1,1.3,0.1,9.2,1999,Undrafted,Undrafted,21,24.48282832820467
"Kevin Porter Jr.","Houston Rockets",20,Guard-Forward,1.93,92,"Southern California",USA,1,15.5,3.8,6.2,8.4,2000,2019,30,19,24.69864962817794
"Michael Porter Jr.","Denver Nuggets",22,Forward,2.08,99,Missouri,USA,1,17.6,7.7,1,12,1998,2018,14,21,22.882766272189347
"Otto Porter Jr.","Orlando Magic",27,Forward,2.03,90,Georgetown,USA,7,9.7,5.4,2,11.6,1993,2013,3,20,21.83988934456066
"Bobby Portis","Milwaukee Bucks",26,Forward,2.08,113,Arkansas,USA,5,11.4,7,1.1,13.1,1995,2015,22,21,26.118713017751478
"Kristaps Porzingis","Dallas Mavericks",25,Forward-Center,2.21,109,"Cajasol Sevilla",Latvia,4,20.4,9.3,1.6,13.7,1995,2015,4,21,22.317315370283165
"Dwight Powell","Dallas Mavericks",29,Forward-Center,2.08,109,Stanford,Canada,6,4.8,3.4,0.8,8.8,1991,2014,45,23,25.194156804733726
"Norman Powell","Portland Trail Blazers",27,Guard,1.91,98,UCLA,USA,5,19.1,3,1.8,10.1,1993,2015,46,22,26.863298703434666
"Taurean Prince","Cleveland Cavaliers",27,Forward,2.01,99,Baylor,USA,4,9.5,3.5,1.9,8,1994,2016,12,23,24.504343951882387
"Payton Pritchard","Boston Celtics",23,Guard,1.85,88,Oregon,USA,0,7.2,2.2,1.8,7.6,1998,2020,26,23,25.712198685171657
"Immanuel Quickley","New York Knicks",21,Guard,1.91,86,Kentucky,USA,0,11.8,2.2,2.1,10.7,1999,2020,25,21,23.573915188728378
"Jahmi'us Ramsey","Sacramento Kings",19,Guard,1.91,86,"Texas Tech",USA,0,1.4,0.8,0.2,10.9,2001,2020,43,19,23.573915188728378
"Chasson Randle","Orlando Magic",28,Guard,1.88,84,Stanford,USA,3,5.6,1.7,1.9,4.8,1993,2015,,25,23.766410140334994
"Julius Randle","New York Knicks",26,Forward-Center,2.03,113,Kentucky,USA,6,23.9,10.5,6.1,16.1,1994,2014,7,20,27.421194399281717
"Cam Reddish","Atlanta Hawks",21,Forward-Guard,2.03,99,Duke,USA,1,11.2,4,1.3,5.3,1999,2019,10,20,24.023878279016728
"JJ Redick","Dallas Mavericks",36,Guard,1.91,91,Duke,USA,14,8.2,1.6,1.2,7.3,1984,2006,11,22,24.94449165318933
"Paul Reed","Philadelphia 76ers",21,Forward,2.06,95,DePaul,USA,0,2.6,1.8,0.3,9.4,1999,2020,58,21,22.38665284192667
"Naz Reid","Minnesota Timberwolves",21,Center-Forward,2.06,120,"Louisiana State",USA,1,11.2,4.6,1.1,11.7,1999,Undrafted,Undrafted,20,28.27787727401263
"Cameron Reynolds",N/A,26,Foward,2.01,102,Tulane,USA,1,0.7,0,0,5.7,1995,Undrafted,Undrafted,25,25.246899829212154
"Nick Richards","Charlotte Hornets",23,Center,2.13,111,Kentucky,Jamaica,0,0.9,0.6,0.1,4.1,1997,2020,42,23,24.466045096872318
"Josh Richardson","Dallas Mavericks",27,Guard,1.96,91,Tennessee,USA,5,12.3,3.5,2.8,7.1,1993,2015,40,22,23.688046647230323
"Grant Riller","Charlotte Hornets",24,Guard,1.88,86,"College of Charleston",USA,0,2.3,0,0.8,17.3,1997,2020,56,24,24.332277048438208
"Austin Rivers","Denver Nuggets",28,Guard,1.93,91,Duke,USA,8,7.2,2.3,1.9,7.4,1992,2012,10,20,24.43018604526296
"Andre Roberson",N/A,29,Guard-Forward,2.01,95,Colorado,USA,6,1.2,3,0.8,2.3,1991,2013,26,23,23.514269448776027
"Duncan Robinson","Miami Heat",27,Forward,2.01,98,Michigan,USA,2,13,3.5,1.8,7.6,1994,Undrafted,Undrafted,25,24.256825326105798
"Jerome Robinson",N/A,24,Guard,1.93,86,"Boston College",USA,2,4.9,2.2,1.5,3.1,1997,2018,13,22,23.087868130688072
"Justin Robinson","Oklahoma City Thunder",23,Guard,1.85,88,"Virginia Tech",USA,1,2.6,0.9,1.1,3.3,1997,2019,,22,25.712198685171657
"Mitchell Robinson","New York Knicks",23,Center-Forward,2.13,109,"Western Kentucky",USA,2,8.3,8.1,0.5,10.4,1998,2018,36,21,24.02521545548723
"Glenn Robinson III",N/A,27,Foward,1.98,101,Michigan,USA,6,5.3,2,0.9,5.7,1994,2014,40,21,25.762677277828793
"Isaiah Roby","Oklahoma City Thunder",23,Forward,2.03,104,Nebraska-Lincoln,USA,1,8.8,5.6,1.9,8.5,1998,2019,45,22,25.237205464825653
"Rajon Rondo","LA Clippers",35,Guard,1.85,82,Kentucky,USA,14,4.6,2.1,3.9,10.2,1986,2006,21,21,23.959094229364496
"Derrick Rose","New York Knicks",32,Guard,1.88,91,Memphis,USA,11,13.7,2.2,4,12.5,1988,2008,1,21,25.746944318696244
"Terrence Ross","Orlando Magic",30,Guard-Forward,1.98,93,Washington,USA,8,15.6,3.4,2.3,9,1991,2012,8,22,23.72206917661463
"Terry Rozier","Charlotte Hornets",27,Guard,1.85,86,Louisville,USA,5,20.5,4.3,3.9,11.6,1994,2015,16,22,25.127830533235937
"Ricky Rubio","Minnesota Timberwolves",30,Guard,1.91,86,"FC Barcelona",Spain,9,8.4,3.2,6.7,9.5,1990,2009,5,21,23.573915188728378
"D'Angelo Russell","Minnesota Timberwolves",25,Guard,1.93,88,"Ohio State",USA,5,19.2,2.5,5.1,11.1,1996,2015,2,20,23.624795296518027
"Domantas Sabonis","Indiana Pacers",24,Forward-Center,2.11,109,Gonzaga,Lithuania,4,19.9,11.6,6,14.6,1996,2016,11,20,24.48282832820467
"Luka Samanic","San Antonio Spurs",21,Forward,2.08,103,"Union Olimpija",Croatia,1,3.3,2,0.5,5.5,2000,2019,19,20,23.8073224852071
"JaKarr Sampson","Indiana Pacers",28,Forward,2.01,97,"St. John's",USA,5,3.3,2.2,0.1,5.9,1993,Undrafted,Undrafted,23,24.009306700329205
"Dario Saric","Phoenix Suns",27,Forward-Center,2.08,102,"Anadolu Efes",Croatia,4,9.1,4,1.3,10,1994,2014,12,23,23.57618343195266
"Tomas Satoransky","Chicago Bulls",29,Guard,2.01,95,"FC Barcelona","Czech Republic",4,8,2.4,5,9.5,1991,2012,32,25,23.514269448776027
"Dennis Schroder","Los Angeles Lakers",27,Guard,1.91,78,Braunschweig,Germany,7,15.6,3.5,5.6,9.7,1993,2013,17,20,21.380992845590857
"Mike Scott","Philadelphia 76ers",32,Forward,2.01,108,Virginia,USA,8,4.5,2.6,0.7,5.2,1988,2012,43,24,26.732011583871692
"Jay Scrubb","LA Clippers",20,Guard,1.96,100,USA,USA,0,0,0,0,0,2000,2020,55,20,26.030820491461892
"Collin Sexton","Cleveland Cavaliers",22,Guard,1.85,86,Alabama,USA,2,24.4,3,4.1,11.6,1999,2018,8,20,25.127830533235937
"Landry Shamet","Brooklyn Nets",24,Guard,1.93,86,"Wichita State",USA,2,9.4,1.8,1.5,6.6,1997,2018,26,22,23.087868130688072
"Iman Shumpert",N/A,30,Guard,1.96,96,"Georgia Tech",USA,9,1,0.5,0,-1.1,1990,2011,17,21,24.989587671803417
"Pascal Siakam","Toronto Raptors",27,Forward,2.06,104,"New Mexico State",Cameroon,4,20.9,7.2,4.7,12.2,1994,2016,27,23,24.507493637477616
"Chris Silva","Sacramento Kings",24,Forward,2.03,106,"South Carolina",Gabon,1,2.1,1.8,0.4,6.4,1996,Undrafted,Undrafted,23,25.722536339149222
"Ben Simmons","Philadelphia 76ers",24,Guard-Forward,2.11,109,"Louisiana State",Australia,3,14.8,7.6,7.1,12.6,1996,2016,1,21,24.48282832820467
"Anfernee Simons","Portland Trail Blazers",21,Guard,1.91,82,"Edgewater HS (FL)",USA,2,8,2.2,1.4,8.4,1999,2018,24,19,22.47745401715962
"Deividas Sirvydis","Detroit Pistons",20,Forward-Guard,2.03,86,"Lietuvos rytas Vilnius",Lithuania,0,1.2,0.6,0.1,7.7,2000,2019,37,20,20.869227595913518
"Alen Smailagic","Golden State Warriors",20,Forward,2.08,98,Beko,Serbia,1,1.9,0.8,0.1,6.1,2000,2019,39,19,22.65162721893491
"Marcus Smart","Boston Celtics",27,Guard,1.91,100,"Oklahoma State",USA,6,13.4,3.4,5.6,9.3,1994,2014,6,21,27.411529289219047
"Ish Smith","Washington Wizards",32,Guard,1.83,79,"Wake Forest",USA,10,6,3.4,4.2,9.5,1988,Undrafted,Undrafted,22,23.589835468362743
"Jalen Smith","Phoenix Suns",21,Forward-Center,2.08,98,Maryland,USA,0,1.3,1,0.1,3,2000,2020,10,21,22.65162721893491
"Dennis Smith Jr.","Detroit Pistons",23,Guard,1.88,93,"North Carolina State",USA,3,6.7,2.4,3.3,9.3,1997,2017,9,20,26.312811226799457
"Tony Snell","Atlanta Hawks",29,Guard,1.98,97,"New Mexico",USA,7,5.5,2.4,1.3,6.4,1991,2013,20,22,24.742373227221712
"Ray Spalding",N/A,24,Foward,2.06,102,Louisville,USA,1,2,2,0,-2.6,1997,2018,56,23,24.036195682910737
"Cassius Stanley","Indiana Pacers",21,Guard,1.96,86,Duke,USA,0,1.1,0.7,0,-0.5,1999,2020,54,21,22.38650562265723
"Lamar Stevens","Cleveland Cavaliers",23,Forward,1.98,104,"Penn State",USA,0,4.2,2.5,0.6,7.4,1997,Undrafted,Undrafted,23,26.527905315784103
"Isaiah Stewart","Detroit Pistons",19,Forward-Center,2.03,113,Washington,USA,0,7.3,6.6,0.9,11,2001,2020,16,19,27.421194399281717
"Max Strus","Miami Heat",25,Guard-Forward,1.96,98,DePaul,USA,1,5.5,0.8,0.5,6.8,1996,Undrafted,Undrafted,24,25.510204081632654
"Edmond Sumner","Indiana Pacers",25,Guard,1.93,89,Xavier,USA,3,6.7,1.7,0.8,7.1,1995,2017,52,22,23.893258879433006
"Jae'Sean Tate","Houston Rockets",25,Forward,1.93,104,"Ohio State",USA,0,11,5.4,2.2,8.5,1995,Undrafted,Undrafted,25,27.92021262315767
"Jayson Tatum","Boston Celtics",23,Forward-Guard,2.03,95,Duke,USA,3,25.5,7.3,4.4,15.2,1998,2017,3,20,23.053216530369586
"Jeff Teague","Milwaukee Bucks",32,Guard,1.91,88,"Wake Forest",USA,11,6.8,1.7,2.3,7.6,1988,2009,19,21,24.12214577451276
"Garrett Temple","Chicago Bulls",34,Guard-Forward,1.96,88,"Louisiana State",USA,10,7.9,2.9,2.1,5.4,1986,Undrafted,Undrafted,24,22.907122032486466
"Tyrell Terry","Dallas Mavericks",20,Guard,1.88,73,Stanford,USA,0,1,0.5,0.5,6.7,2000,2020,31,20,20.654142145767317
"Daniel Theis","Chicago Bulls",29,Forward-Center,2.03,111,"Brose Bamberg",Germany,3,9.4,5.1,1.7,9.2,1992,Undrafted,Undrafted,26,26.935863524958148
"Brodric Thomas","Cleveland Cavaliers",24,Guard,1.96,84,"Truman State",USA,0,2.7,0.9,0.7,3.9,1997,Undrafted,Undrafted,24,21.86588921282799
"Isaiah Thomas",N/A,32,Guard,1.75,84,Washington,USA,9,7.7,1.3,1.7,3.3,1989,2011,60,23,27.428571428571427
"Matt Thomas","Utah Jazz",26,Guard,1.93,86,"Iowa State",USA,1,2.7,0.9,0.4,5.2,1994,Undrafted,Undrafted,25,23.087868130688072
"Klay Thompson","Golden State Warriors",31,Guard,1.98,98,"Washington State",USA,8,21.5,3.8,2.4,10.3,1990,2011,11,23,24.997449239873482
"Tristan Thompson","Boston Celtics",30,Center-Forward,2.06,115,Texas-Austin,Canada,9,8,8.1,1.1,10.3,1991,2011,4,21,27.099632387595438
"Sindarius Thornwell",N/A,26,Guard,1.93,98,"South Carolina",USA,3,1.2,0.4,0.3,2.9,1994,2017,48,23,26.309431125667803
"Matisse Thybulle","Philadelphia 76ers",24,Guard-Forward,1.96,91,Washington,USA,1,3.8,2,0.9,5.2,1997,2019,20,23,23.688046647230323
"Killian Tillie","Memphis Grizzlies",23,Forward-Center,2.06,100,Gonzaga,France,0,2.6,1.3,0.3,3.6,1998,Undrafted,Undrafted,23,23.56489772834386
"Xavier Tillman","Memphis Grizzlies",22,Forward,2.03,111,"Michigan State",USA,0,6.8,4.4,1.3,9.2,1999,2020,35,22,26.935863524958148
"Anthony Tolliver","Philadelphia 76ers",35,Forward,2.03,109,Creighton,USA,12,0,2,1,1.1,1985,Undrafted,Undrafted,23,26.450532650634578
"Obi Toppin","New York Knicks",23,Forward,2.06,100,Dayton,USA,0,3.9,2.3,0.5,8.6,1998,2020,8,23,23.56489772834386
"Juan Toscano-Anderson","Golden State Warriors",28,Forward,1.98,95,Marquette,USA,1,5.1,3.9,2.3,9.6,1993,Undrafted,Undrafted,27,24.232221201918172
"Axel Toupane","Milwaukee Bucks",28,Guard-Forward,2.01,95,"Strasbourg IG",France,2,1.8,0.8,0.5,6,1992,Undrafted,Undrafted,26,23.514269448776027
"Karl-Anthony Towns","Minnesota Timberwolves",25,Center-Forward,2.11,112,Kentucky,USA,5,24.8,10.9,4.6,15.7,1995,2015,1,20,25.15666763999012
"Gary Trent Jr.","Toronto Raptors",22,Guard-Forward,1.96,95,Duke,USA,2,15.4,2.6,1.4,7.3,1999,2018,37,20,24.729279466888798
"P.J. Tucker","Milwaukee Bucks",35,Forward,1.96,111,Texas-Austin,USA,9,4,4.3,1.2,3.7,1985,2006,35,26,28.894210745522702
"Rayjon Tucker","Philadelphia 76ers",23,Guard,1.91,95,"Arkansas-Little Rock",USA,1,1.6,0.8,0.4,27.2,1997,Undrafted,Undrafted,22,26.040952824758094
"Myles Turner","Indiana Pacers",25,Center-Forward,2.11,113,Texas-Austin,USA,5,12.6,6.5,1,9,1996,2015,11,20,25.3812807439186
"Jonas Valanciunas","Memphis Grizzlies",28,Center,2.11,120,"Lietuvos rytas Vilnius",Lithuania,8,17,12.6,1.8,15.9,1992,2011,5,20,26.953572471417985
"Denzel Valentine","Chicago Bulls",27,Guard,1.93,100,"Michigan State",USA,3,6.9,3.4,1.6,8.6,1993,2016,14,24,26.846358291497758
"Fred VanVleet","Toronto Raptors",27,Guard,1.85,89,"Wichita State",USA,4,19.4,4.1,6.1,11.5,1994,Undrafted,Undrafted,23,26.004382761139514
"Jarred Vanderbilt","Minnesota Timberwolves",22,Forward,2.06,97,Kentucky,USA,2,5.2,5.4,1.3,10.5,1999,2018,41,20,22.857950796493544
"Devin Vassell","San Antonio Spurs",20,Guard-Forward,1.96,91,"Florida State",USA,0,5.1,2.6,0.9,7.5,2000,2020,11,20,23.688046647230323
"Gabe Vincent","Miami Heat",24,Guard,1.91,91,"California-Santa Barbara",USA,1,5,1.1,1.3,4.8,1996,Undrafted,Undrafted,23,24.94449165318933
"Noah Vonleh",N/A,25,Foward,2.08,117,Indiana,USA,6,0,0.3,0.3,-9.4,1995,2014,9,19,27.043269230769226
"Nikola Vucevic","Chicago Bulls",30,Center,2.11,118,"Southern California",Montenegro,9,23.9,11.3,3.7,17,1990,2011,16,21,26.50434626356102
"Dean Wade","Cleveland Cavaliers",24,Forward-Center,2.06,103,"Kansas State",USA,1,5.2,3.1,1.1,8.4,1996,Undrafted,Undrafted,23,24.271844660194176
"Moritz Wagner",N/A,23,Foward-Center,2.11,111,Michigan,Germany,2,5.6,2.7,1.1,8.7,1997,2018,25,21,24.932054536061635
"Kemba Walker","Boston Celtics",30,Guard,1.83,83,Connecticut,USA,9,18.2,3.9,5,12,1990,2011,9,21,24.78425751739377
"Lonnie Walker IV","San Antonio Spurs",22,Guard-Forward,1.93,93,Miami,USA,2,11,2.6,1.7,6.2,1998,2018,18,20,24.967113211092915
"John Wall","Houston Rockets",30,Guard,1.91,95,Kentucky,USA,9,20.4,3.2,6.7,11.2,1990,2010,1,21,26.040952824758094
"Brad Wanamaker","Charlotte Hornets",31,Guard,1.91,95,Pittsburgh,USA,2,5.3,1.7,2.9,7.5,1989,Undrafted,Undrafted,29,26.040952824758094
"T.J. Warren","Indiana Pacers",27,Forward,2.03,100,"North Carolina State",USA,6,15.5,3.5,1.3,7.2,1993,2014,14,21,24.26654371617851
"P.J. Washington","Charlotte Hornets",22,Forward,2.01,104,Kentucky,USA,1,11.9,6.3,2.6,8.6,1998,2019,12,21,25.741937080765336
"Yuta Watanabe","Toronto Raptors",26,Guard-Forward,2.06,98,"George Washington",Japan,2,4,3.3,0.7,9.5,1994,Undrafted,Undrafted,24,23.093599773776983
"Tremont Waters","Boston Celtics",23,Guard,1.78,79,"Louisiana State",USA,1,2.9,0.6,2.1,11.9,1998,2019,51,22,24.933720489837143
"Paul Watson","Toronto Raptors",26,Guard,1.98,95,"Fresno State",USA,1,4.1,1.7,0.6,7.1,1994,Undrafted,Undrafted,25,24.232221201918172
"Quinndary Weatherspoon","San Antonio Spurs",24,Guard,1.91,93,"Mississippi State",USA,1,1.1,0.4,0.3,1.2,1996,2019,49,23,25.492722238973712
"Russell Westbrook","Washington Wizards",32,Guard,1.91,91,UCLA,USA,12,21.6,11.1,10.9,15.8,1988,2008,4,20,24.94449165318933
"Coby White","Chicago Bulls",21,Guard,1.96,88,"North Carolina",USA,1,14.5,4.1,4.5,8.6,2000,2019,7,20,22.907122032486466
"Derrick White","San Antonio Spurs",26,Guard,1.93,86,Colorado,USA,3,15.4,2.9,3.6,8.9,1994,2017,29,23,23.087868130688072
"Hassan Whiteside","Sacramento Kings",31,Center,2.13,120,Marshall,USA,8,8.1,6,0.6,12.3,1989,2010,33,23,26.44977848310521
"Greg Whittington",N/A,28,Foward,2.03,95,"Georgetown ",USA,0,0,0,0,-7.1,1993,Undrafted,Undrafted,28,23.053216530369586
"Andrew Wiggins","Golden State Warriors",26,Forward,2.01,89,Kansas,Canada,6,18.1,4.8,2.3,9.7,1995,2014,1,20,22.02915769411649
"Grant Williams","Boston Celtics",22,Forward,1.98,107,Tennessee,USA,1,4.4,2.9,1,3.5,1998,2019,22,21,27.293133353739414
"Kenrich Williams","Oklahoma City Thunder",26,Guard-Forward,1.98,95,TCU,USA,2,7.6,4.2,2.2,9,1994,Undrafted,Undrafted,24,24.232221201918172
"Lou Williams","Atlanta Hawks",34,Guard,1.85,79,"South Gwinnett HS (GA)",USA,15,12.1,2,3.4,9.8,1986,2005,45,19,23.08254200146092
"Patrick Williams","Chicago Bulls",19,Forward,2.01,98,"Florida State",USA,0,9.2,4.7,1.4,7,2001,2020,4,19,24.256825326105798
"Robert Williams III","Boston Celtics",23,Center-Forward,2.03,108,"Texas A&M",USA,2,8.2,7,1.8,15.6,1997,2018,27,21,26.20786721347279
"Zion Williamson","New Orleans Pelicans",20,Forward,2.01,129,Duke,USA,1,26.9,7.2,3.6,16.1,2000,2019,1,19,31.929902725180078
"D.J. Wilson","Houston Rockets",25,Forward,2.08,105,Michigan,USA,3,4.3,2.7,0.5,7.3,1996,2017,17,22,24.269600591715975
"Dylan Windler","Cleveland Cavaliers",24,Guard-Forward,1.98,89,Belmont,USA,0,5.2,3.5,1.1,8.2,1996,2019,26,24,22.70176512600755
"Justise Winslow","Memphis Grizzlies",25,Forward-Guard,1.98,101,Duke,USA,5,6.8,4.4,1.8,4.8,1996,2015,10,20,25.762677277828793
"Cassius Winston","Washington Wizards",23,Guard,1.85,84,"Michigan State",USA,0,2.1,0.5,0.6,8.4,1998,2020,53,23,24.543462381300216
"James Wiseman","Golden State Warriors",20,Center,2.13,109,Memphis,USA,0,11.5,5.8,0.7,8.8,2001,2020,2,20,24.02521545548723
"Christian Wood","Houston Rockets",25,Forward,2.08,97,UNLV,USA,4,20.9,9.3,1.5,14.2,1995,Undrafted,Undrafted,21,22.42048816568047
"Robert Woodard II","Sacramento Kings",21,Forward,1.98,107,"Mississippi State",USA,0,1.6,1,0,12.1,1999,2020,40,21,27.293133353739414
"Delon Wright","Sacramento Kings",28,Guard,1.96,84,Utah,USA,5,9.7,4,4.2,11.4,1992,2015,20,23,21.86588921282799
"Thaddeus Young","Chicago Bulls",32,Forward,2.03,107,"Georgia Tech",USA,13,12.3,6.2,4.1,12.8,1988,2007,12,19,25.965201776311005
"Trae Young","Atlanta Hawks",22,Guard,1.85,82,Oklahoma,USA,2,25.3,3.9,9.6,14.7,1998,2018,5,20,23.959094229364496
"Cody Zeller","Charlotte Hornets",28,Forward-Center,2.11,109,Indiana,USA,7,8.9,6.9,1.9,11,1992,2013,4,21,24.48282832820467
"Ivica Zubac","LA Clippers",24,Center,2.13,109,"Mega Basket",Croatia,4,9.1,7.3,1.2,11.7,1997,2016,32,20,24.02521545548723
